filename,label
7AC.png,7AC
60E.png,60E
592.png,592
8C5.png,8C5
6E6.png,6E6
AC3.png,AC3
EE6.png,EE6
B4D.png,B4D
D32.png,D32
610.png,610
BC5.png,BC5
ED1.png,ED1
08B.png,08B
C6C.png,C6C
142.png,142
30E.png,30E
259.png,259
059.png,059
A28.png,A28
D81.png,D81
BC1.png,BC1
C73.png,C73
98B.png,98B
8AA.png,8AA
4E4.png,4E4
5BA.png,5BA
100.png,100
5D4.png,5D4
672.png,672
911.png,911
40D.png,40D
096.png,096
46A.png,46A
E7A.png,E7A
5EA.png,5EA
CB1.png,CB1
EAE.png,EAE
AD3.png,AD3
DBD.png,DBD
0D4.png,0D4
5B6.png,5B6
DC3.png,DC3
A16.png,A16
91D.png,91D
00D.png,00D
403.png,403
8B3.png,8B3
2DA.png,2DA
0D7.png,0D7
086.png,086
6D5.png,6D5
BA8.png,BA8
1DA.png,1DA
D90.png,D90
652.png,652
9C3.png,9C3
3B9.png,3B9
BEB.png,BEB
416.png,416
81B.png,81B
84A.png,84A
506.png,506
C8B.png,C8B
E71.png,E71
B13.png,B13
6BA.png,6BA
17B.png,17B
7B3.png,7B3
70A.png,70A
809.png,809
29D.png,29D
D4A.png,D4A
465.png,465
8C0.png,8C0
952.png,952
442.png,442
6C4.png,6C4
82D.png,82D
276.png,276
1EA.png,1EA
E19.png,E19
274.png,274
95B.png,95B
6DB.png,6DB
E80.png,E80
097.png,097
B0E.png,B0E
7B0.png,7B0
8E9.png,8E9
22D.png,22D
702.png,702
459.png,459
0B4.png,0B4
1A0.png,1A0
A3E.png,A3E
310.png,310
523.png,523
3DB.png,3DB
B52.png,B52
BDA.png,BDA
605.png,605
CBD.png,CBD
857.png,857
B68.png,B68
EAC.png,EAC
0DA.png,0DA
5AA.png,5AA
163.png,163
A9B.png,A9B
A49.png,A49
EED.png,EED
594.png,594
CDB.png,CDB
5BD.png,5BD
7B5.png,7B5
299.png,299
14A.png,14A
948.png,948
2D7.png,2D7
ED9.png,ED9
5E7.png,5E7
141.png,141
68E.png,68E
51B.png,51B
D2B.png,D2B
AE4.png,AE4
746.png,746
339.png,339
5D6.png,5D6
440.png,440
02B.png,02B
1A3.png,1A3
CE0.png,CE0
969.png,969
435.png,435
5A8.png,5A8
468.png,468
BD4.png,BD4
2D6.png,2D6
D89.png,D89
6B3.png,6B3
99A.png,99A
43E.png,43E
DA4.png,DA4
658.png,658
73B.png,73B
C64.png,C64
35B.png,35B
B33.png,B33
197.png,197
1AA.png,1AA
564.png,564
279.png,279
144.png,144
BDD.png,BDD
5B7.png,5B7
B98.png,B98
868.png,868
891.png,891
291.png,291
C9A.png,C9A
988.png,988
989.png,989
736.png,736
DA7.png,DA7
2BC.png,2BC
27E.png,27E
117.png,117
CB7.png,CB7
C89.png,C89
525.png,525
871.png,871
220.png,220
977.png,977
C5B.png,C5B
83D.png,83D
033.png,033
583.png,583
85A.png,85A
745.png,745
B30.png,B30
61A.png,61A
AE0.png,AE0
410.png,410
042.png,042
D94.png,D94
74B.png,74B
87C.png,87C
9BE.png,9BE
CED.png,CED
14D.png,14D
DA0.png,DA0
B9B.png,B9B
836.png,836
589.png,589
96E.png,96E
23E.png,23E
A0E.png,A0E
17C.png,17C
B43.png,B43
C9D.png,C9D
C82.png,C82
A3B.png,A3B
431.png,431
091.png,091
265.png,265
630.png,630
136.png,136
229.png,229
0C4.png,0C4
9B7.png,9B7
158.png,158
98C.png,98C
29B.png,29B
334.png,334
E34.png,E34
E5D.png,E5D
3D0.png,3D0
18A.png,18A
3D6.png,3D6
B9D.png,B9D
E96.png,E96
3D7.png,3D7
853.png,853
352.png,352
EC0.png,EC0
7B1.png,7B1
C15.png,C15
BE5.png,BE5
C75.png,C75
12B.png,12B
852.png,852
0D5.png,0D5
902.png,902
75A.png,75A
A36.png,A36
A87.png,A87
742.png,742
511.png,511
A43.png,A43
267.png,267
4A5.png,4A5
D00.png,D00
606.png,606
A4A.png,A4A
C48.png,C48
505.png,505
73E.png,73E
4AE.png,4AE
AC1.png,AC1
45A.png,45A
4E6.png,4E6
D6B.png,D6B
648.png,648
67A.png,67A
A19.png,A19
26A.png,26A
915.png,915
A69.png,A69
380.png,380
6CE.png,6CE
577.png,577
541.png,541
A85.png,A85
69C.png,69C
4A6.png,4A6
01D.png,01D
2C5.png,2C5
79A.png,79A
067.png,067
E5A.png,E5A
09E.png,09E
C4C.png,C4C
78E.png,78E
A2D.png,A2D
D23.png,D23
6C2.png,6C2
ED0.png,ED0
179.png,179
0B9.png,0B9
908.png,908
A45.png,A45
7EB.png,7EB
9BB.png,9BB
619.png,619
335.png,335
8A5.png,8A5
D01.png,D01
1E1.png,1E1
C86.png,C86
50E.png,50E
ACC.png,ACC
038.png,038
E4B.png,E4B
3E3.png,3E3
B39.png,B39
DCD.png,DCD
C06.png,C06
9B6.png,9B6
680.png,680
D20.png,D20
E1C.png,E1C
80C.png,80C
ACD.png,ACD
01A.png,01A
084.png,084
89E.png,89E
E6A.png,E6A
C8D.png,C8D
87D.png,87D
D26.png,D26
25D.png,25D
210.png,210
B74.png,B74
A4E.png,A4E
A08.png,A08
11B.png,11B
77A.png,77A
756.png,756
D1C.png,D1C
E57.png,E57
2CC.png,2CC
633.png,633
2BE.png,2BE
D52.png,D52
082.png,082
090.png,090
D31.png,D31
982.png,982
45D.png,45D
0C0.png,0C0
21E.png,21E
1A7.png,1A7
36D.png,36D
103.png,103
848.png,848
2C4.png,2C4
893.png,893
50B.png,50B
BCD.png,BCD
2EA.png,2EA
9DC.png,9DC
1E7.png,1E7
2C1.png,2C1
579.png,579
200.png,200
550.png,550
530.png,530
3B8.png,3B8
DC6.png,DC6
5A4.png,5A4
312.png,312
212.png,212
765.png,765
B41.png,B41
A5C.png,A5C
266.png,266
542.png,542
89A.png,89A
D61.png,D61
900.png,900
34B.png,34B
8EC.png,8EC
2E0.png,2E0
168.png,168
842.png,842
6A7.png,6A7
87B.png,87B
C95.png,C95
3C1.png,3C1
3EE.png,3EE
6E2.png,6E2
BC4.png,BC4
995.png,995
560.png,560
AB4.png,AB4
025.png,025
5AB.png,5AB
C4B.png,C4B
BAC.png,BAC
826.png,826
E2C.png,E2C
B75.png,B75
2E3.png,2E3
26E.png,26E
47C.png,47C
EE0.png,EE0
262.png,262
752.png,752
7C5.png,7C5
306.png,306
227.png,227
E12.png,E12
5EC.png,5EC
7BC.png,7BC
436.png,436
E8E.png,E8E
DC0.png,DC0
EA7.png,EA7
EC1.png,EC1
C56.png,C56
7A2.png,7A2
2B2.png,2B2
8C7.png,8C7
0C2.png,0C2
A81.png,A81
CE4.png,CE4
904.png,904
601.png,601
98E.png,98E
095.png,095
079.png,079
332.png,332
A0C.png,A0C
8A2.png,8A2
17A.png,17A
D62.png,D62
D15.png,D15
C98.png,C98
67D.png,67D
393.png,393
A40.png,A40
E21.png,E21
828.png,828
A10.png,A10
91B.png,91B
24C.png,24C
7A1.png,7A1
464.png,464
757.png,757
590.png,590
729.png,729
8C8.png,8C8
9C8.png,9C8
8A3.png,8A3
BEA.png,BEA
B79.png,B79
135.png,135
AE2.png,AE2
04B.png,04B
6C7.png,6C7
636.png,636
A2A.png,A2A
C3C.png,C3C
110.png,110
C2B.png,C2B
CB2.png,CB2
112.png,112
232.png,232
C09.png,C09
DE3.png,DE3
7CD.png,7CD
8C2.png,8C2
9BC.png,9BC
5C9.png,5C9
E2A.png,E2A
BDB.png,BDB
127.png,127
C47.png,C47
2E8.png,2E8
391.png,391
E51.png,E51
E94.png,E94
3AC.png,3AC
03A.png,03A
360.png,360
64D.png,64D
70C.png,70C
242.png,242
806.png,806
203.png,203
64E.png,64E
26C.png,26C
454.png,454
733.png,733
562.png,562
6ED.png,6ED
094.png,094
D78.png,D78
DE4.png,DE4
043.png,043
A0D.png,A0D
EA9.png,EA9
B9C.png,B9C
03B.png,03B
9AA.png,9AA
1A9.png,1A9
DD8.png,DD8
807.png,807
600.png,600
64A.png,64A
0C9.png,0C9
D9A.png,D9A
458.png,458
10B.png,10B
E6B.png,E6B
CC8.png,CC8
CCB.png,CCB
59E.png,59E
854.png,854
2CD.png,2CD
BB9.png,BB9
0CA.png,0CA
DE9.png,DE9
D9B.png,D9B
CBB.png,CBB
B3E.png,B3E
880.png,880
E2B.png,E2B
830.png,830
A42.png,A42
DA2.png,DA2
E1D.png,E1D
0BB.png,0BB
7A5.png,7A5
EC2.png,EC2
787.png,787
B67.png,B67
732.png,732
2A9.png,2A9
173.png,173
1A5.png,1A5
622.png,622
8D6.png,8D6
2BA.png,2BA
66E.png,66E
1C7.png,1C7
769.png,769
E6D.png,E6D
01E.png,01E
EBA.png,EBA
201.png,201
B6E.png,B6E
74D.png,74D
224.png,224
0AB.png,0AB
19D.png,19D
BAB.png,BAB
9ED.png,9ED
49D.png,49D
2B0.png,2B0
066.png,066
38B.png,38B
106.png,106
B8A.png,B8A
A62.png,A62
953.png,953
A02.png,A02
AB9.png,AB9
A38.png,A38
1B5.png,1B5
26B.png,26B
794.png,794
8D5.png,8D5
047.png,047
6C6.png,6C6
045.png,045
B19.png,B19
9DA.png,9DA
946.png,946
714.png,714
0CD.png,0CD
91E.png,91E
75B.png,75B
5A2.png,5A2
7C4.png,7C4
370.png,370
75D.png,75D
59C.png,59C
C99.png,C99
0A2.png,0A2
D3A.png,D3A
061.png,061
0D0.png,0D0
113.png,113
075.png,075
D6E.png,D6E
376.png,376
831.png,831
E66.png,E66
677.png,677
2D3.png,2D3
25A.png,25A
C68.png,C68
162.png,162
4C9.png,4C9
882.png,882
BE6.png,BE6
EDE.png,EDE
445.png,445
A37.png,A37
C1D.png,C1D
9D3.png,9D3
9C1.png,9C1
810.png,810
992.png,992
3BA.png,3BA
5BB.png,5BB
90D.png,90D
5CC.png,5CC
181.png,181
311.png,311
56C.png,56C
778.png,778
05E.png,05E
CB0.png,CB0
96A.png,96A
483.png,483
4D6.png,4D6
008.png,008
8C1.png,8C1
8EB.png,8EB
D44.png,D44
B6D.png,B6D
23A.png,23A
DCE.png,DCE
7B6.png,7B6
770.png,770
993.png,993
8DC.png,8DC
B64.png,B64
780.png,780
674.png,674
7C2.png,7C2
7BD.png,7BD
1E3.png,1E3
1B2.png,1B2
55C.png,55C
728.png,728
348.png,348
050.png,050
C46.png,C46
298.png,298
53C.png,53C
C96.png,C96
A21.png,A21
E01.png,E01
37A.png,37A
E9B.png,E9B
072.png,072
53E.png,53E
E16.png,E16
878.png,878
931.png,931
B2E.png,B2E
044.png,044
2CB.png,2CB
1AD.png,1AD
975.png,975
488.png,488
41B.png,41B
A95.png,A95
6A0.png,6A0
72B.png,72B
C91.png,C91
A66.png,A66
CD4.png,CD4
1D4.png,1D4
B21.png,B21
C02.png,C02
123.png,123
572.png,572
20A.png,20A
188.png,188
EAD.png,EAD
B1D.png,B1D
628.png,628
3E0.png,3E0
847.png,847
35E.png,35E
4ED.png,4ED
95A.png,95A
7B4.png,7B4
3DE.png,3DE
1D0.png,1D0
7E6.png,7E6
545.png,545
381.png,381
9E0.png,9E0
7C9.png,7C9
907.png,907
456.png,456
E61.png,E61
C8C.png,C8C
951.png,951
88B.png,88B
776.png,776
964.png,964
466.png,466
60C.png,60C
3A4.png,3A4
EBE.png,EBE
C42.png,C42
A51.png,A51
6D8.png,6D8
80E.png,80E
B70.png,B70
C79.png,C79
EB6.png,EB6
501.png,501
36C.png,36C
B2C.png,B2C
8CC.png,8CC
337.png,337
389.png,389
11D.png,11D
55D.png,55D
C83.png,C83
392.png,392
A31.png,A31
639.png,639
D66.png,D66
344.png,344
32C.png,32C
664.png,664
68C.png,68C
BDE.png,BDE
0A3.png,0A3
D5B.png,D5B
E29.png,E29
88D.png,88D
09C.png,09C
4A9.png,4A9
724.png,724
394.png,394
568.png,568
ECC.png,ECC
160.png,160
D08.png,D08
4D7.png,4D7
27D.png,27D
829.png,829
E4D.png,E4D
531.png,531
796.png,796
5E4.png,5E4
7D6.png,7D6
980.png,980
217.png,217
6AA.png,6AA
83A.png,83A
0A0.png,0A0
DC5.png,DC5
36E.png,36E
58C.png,58C
E83.png,E83
D27.png,D27
DEE.png,DEE
1DB.png,1DB
D65.png,D65
427.png,427
C33.png,C33
1E2.png,1E2
EA4.png,EA4
974.png,974
6A8.png,6A8
62D.png,62D
8D9.png,8D9
74C.png,74C
269.png,269
B58.png,B58
147.png,147
CD3.png,CD3
15C.png,15C
DB9.png,DB9
775.png,775
0E5.png,0E5
B83.png,B83
608.png,608
078.png,078
B9A.png,B9A
03E.png,03E
C67.png,C67
051.png,051
364.png,364
4B9.png,4B9
943.png,943
5EB.png,5EB
2EC.png,2EC
1B0.png,1B0
E7D.png,E7D
3CD.png,3CD
B49.png,B49
623.png,623
3E9.png,3E9
99D.png,99D
E08.png,E08
E1E.png,E1E
7AA.png,7AA
3A6.png,3A6
255.png,255
ED4.png,ED4
E36.png,E36
89C.png,89C
2E6.png,2E6
407.png,407
8E2.png,8E2
695.png,695
B87.png,B87
415.png,415
57E.png,57E
A52.png,A52
15A.png,15A
388.png,388
901.png,901
5A7.png,5A7
B63.png,B63
AEB.png,AEB
4E2.png,4E2
49B.png,49B
A64.png,A64
B97.png,B97
EEB.png,EEB
244.png,244
751.png,751
0E9.png,0E9
A8E.png,A8E
635.png,635
5E5.png,5E5
59B.png,59B
922.png,922
6CD.png,6CD
63C.png,63C
EEE.png,EEE
52C.png,52C
3E6.png,3E6
2A0.png,2A0
76B.png,76B
AB5.png,AB5
03C.png,03C
DD0.png,DD0
815.png,815
27C.png,27C
3E7.png,3E7
275.png,275
8AD.png,8AD
841.png,841
509.png,509
251.png,251
4E7.png,4E7
820.png,820
D99.png,D99
30C.png,30C
00B.png,00B
5C1.png,5C1
A78.png,A78
6EB.png,6EB
479.png,479
647.png,647
6A9.png,6A9
D53.png,D53
9CA.png,9CA
9CB.png,9CB
850.png,850
4CB.png,4CB
092.png,092
9A3.png,9A3
056.png,056
6D0.png,6D0
C60.png,C60
0C7.png,0C7
44B.png,44B
BE8.png,BE8
A90.png,A90
EB0.png,EB0
452.png,452
4DD.png,4DD
2C0.png,2C0
879.png,879
398.png,398
0CE.png,0CE
527.png,527
E4E.png,E4E
B94.png,B94
55A.png,55A
1D9.png,1D9
715.png,715
DB6.png,DB6
9E8.png,9E8
3AE.png,3AE
65E.png,65E
621.png,621
A1D.png,A1D
64C.png,64C
9B1.png,9B1
BA5.png,BA5
346.png,346
B72.png,B72
6A3.png,6A3
94A.png,94A
8DB.png,8DB
EA5.png,EA5
7E7.png,7E7
AD1.png,AD1
D85.png,D85
A1E.png,A1E
347.png,347
976.png,976
D3B.png,D3B
E95.png,E95
09A.png,09A
735.png,735
827.png,827
E8D.png,E8D
C31.png,C31
131.png,131
EDB.png,EDB
4DE.png,4DE
883.png,883
D73.png,D73
3D3.png,3D3
72A.png,72A
5B5.png,5B5
8B4.png,8B4
E0D.png,E0D
74A.png,74A
526.png,526
518.png,518
B28.png,B28
9A1.png,9A1
371.png,371
CA4.png,CA4
C1B.png,C1B
C93.png,C93
8CB.png,8CB
0C6.png,0C6
384.png,384
EB1.png,EB1
A91.png,A91
E91.png,E91
A9A.png,A9A
8BD.png,8BD
355.png,355
54E.png,54E
858.png,858
642.png,642
DC1.png,DC1
CCD.png,CCD
627.png,627
1B6.png,1B6
519.png,519
B56.png,B56
426.png,426
E52.png,E52
76D.png,76D
BE7.png,BE7
DD3.png,DD3
E53.png,E53
DC7.png,DC7
D59.png,D59
3CB.png,3CB
491.png,491
C13.png,C13
72E.png,72E
0E2.png,0E2
9EE.png,9EE
A83.png,A83
81C.png,81C
E68.png,E68
D2E.png,D2E
6B8.png,6B8
682.png,682
DA5.png,DA5
65A.png,65A
BAD.png,BAD
09D.png,09D
5E6.png,5E6
D43.png,D43
B9E.png,B9E
B14.png,B14
B5B.png,B5B
4A2.png,4A2
520.png,520
74E.png,74E
C7B.png,C7B
CB4.png,CB4
A46.png,A46
245.png,245
54D.png,54D
861.png,861
057.png,057
D72.png,D72
840.png,840
281.png,281
3BD.png,3BD
AA8.png,AA8
646.png,646
A61.png,A61
E88.png,E88
8A4.png,8A4
690.png,690
1AB.png,1AB
09B.png,09B
994.png,994
AEE.png,AEE
834.png,834
7EC.png,7EC
A13.png,A13
8E8.png,8E8
497.png,497
214.png,214
CC9.png,CC9
86A.png,86A
B25.png,B25
34D.png,34D
29E.png,29E
4EE.png,4EE
356.png,356
409.png,409
297.png,297
5DC.png,5DC
64B.png,64B
521.png,521
CAC.png,CAC
654.png,654
C28.png,C28
9D8.png,9D8
1D6.png,1D6
2B7.png,2B7
AB2.png,AB2
BC7.png,BC7
E15.png,E15
22C.png,22C
905.png,905
6C3.png,6C3
93A.png,93A
824.png,824
535.png,535
B50.png,B50
BCE.png,BCE
186.png,186
EE2.png,EE2
18E.png,18E
629.png,629
7C7.png,7C7
956.png,956
9AC.png,9AC
9E3.png,9E3
AB0.png,AB0
6B4.png,6B4
88A.png,88A
40B.png,40B
E44.png,E44
041.png,041
AB7.png,AB7
E5B.png,E5B
9E2.png,9E2
3C2.png,3C2
73A.png,73A
385.png,385
D4D.png,D4D
302.png,302
BE1.png,BE1
396.png,396
3E8.png,3E8
A60.png,A60
30D.png,30D
7D0.png,7D0
230.png,230
165.png,165
124.png,124
3BE.png,3BE
693.png,693
9C6.png,9C6
E2E.png,E2E
A27.png,A27
CC3.png,CC3
E27.png,E27
AA4.png,AA4
CA7.png,CA7
C0D.png,C0D
101.png,101
EBB.png,EBB
D64.png,D64
0E1.png,0E1
94C.png,94C
771.png,771
5CB.png,5CB
1BA.png,1BA
0E0.png,0E0
B4C.png,B4C
2C9.png,2C9
8D7.png,8D7
E9A.png,E9A
707.png,707
667.png,667
5B8.png,5B8
813.png,813
C1E.png,C1E
7D1.png,7D1
006.png,006
1B4.png,1B4
2E1.png,2E1
2EB.png,2EB
E72.png,E72
7A4.png,7A4
E13.png,E13
86B.png,86B
316.png,316
3B1.png,3B1
D48.png,D48
73D.png,73D
7E9.png,7E9
D57.png,D57
CB8.png,CB8
1CC.png,1CC
16D.png,16D
BE9.png,BE9
3CA.png,3CA
7C3.png,7C3
734.png,734
455.png,455
D49.png,D49
246.png,246
A88.png,A88
035.png,035
EE5.png,EE5
AEA.png,AEA
BA6.png,BA6
57A.png,57A
6CC.png,6CC
789.png,789
D7E.png,D7E
137.png,137
A96.png,A96
978.png,978
EE7.png,EE7
78C.png,78C
192.png,192
134.png,134
1EC.png,1EC
D3D.png,D3D
795.png,795
92B.png,92B
615.png,615
A22.png,A22
439.png,439
0D2.png,0D2
116.png,116
927.png,927
2C6.png,2C6
899.png,899
966.png,966
2B4.png,2B4
1B3.png,1B3
46E.png,46E
3EB.png,3EB
205.png,205
52A.png,52A
6E8.png,6E8
48A.png,48A
2DE.png,2DE
A03.png,A03
AC5.png,AC5
303.png,303
6EC.png,6EC
CEA.png,CEA
421.png,421
4C4.png,4C4
8A7.png,8A7
06E.png,06E
358.png,358
C92.png,C92
85B.png,85B
AA2.png,AA2
71B.png,71B
AC9.png,AC9
663.png,663
0A4.png,0A4
253.png,253
271.png,271
76C.png,76C
040.png,040
6DC.png,6DC
860.png,860
E97.png,E97
1B9.png,1B9
938.png,938
4EA.png,4EA
AD0.png,AD0
94E.png,94E
B61.png,B61
DBB.png,DBB
AA0.png,AA0
2AD.png,2AD
1C2.png,1C2
786.png,786
DA8.png,DA8
081.png,081
0AC.png,0AC
77E.png,77E
730.png,730
BB1.png,BB1
A54.png,A54
92D.png,92D
183.png,183
C10.png,C10
575.png,575
EB8.png,EB8
B86.png,B86
1D7.png,1D7
C38.png,C38
5A1.png,5A1
E64.png,E64
A17.png,A17
24B.png,24B
340.png,340
504.png,504
758.png,758
60B.png,60B
4BB.png,4BB
2C3.png,2C3
552.png,552
A01.png,A01
53D.png,53D
07D.png,07D
538.png,538
21D.png,21D
2A3.png,2A3
2AC.png,2AC
E07.png,E07
555.png,555
EAA.png,EAA
849.png,849
E41.png,E41
AD4.png,AD4
D58.png,D58
6E5.png,6E5
710.png,710
8EE.png,8EE
A29.png,A29
2ED.png,2ED
B01.png,B01
61C.png,61C
243.png,243
602.png,602
499.png,499
E79.png,E79
96B.png,96B
04E.png,04E
85E.png,85E
8E5.png,8E5
378.png,378
CD9.png,CD9
BA3.png,BA3
3EC.png,3EC
DBE.png,DBE
872.png,872
40C.png,40C
832.png,832
D5E.png,D5E
3A5.png,3A5
DBA.png,DBA
273.png,273
BB0.png,BB0
9E1.png,9E1
007.png,007
3DA.png,3DA
A6C.png,A6C
E05.png,E05
C08.png,C08
614.png,614
B17.png,B17
7AB.png,7AB
AB1.png,AB1
AC6.png,AC6
870.png,870
E7B.png,E7B
314.png,314
A8B.png,A8B
31B.png,31B
4C8.png,4C8
E58.png,E58
7C1.png,7C1
146.png,146
CD6.png,CD6
30B.png,30B
DAD.png,DAD
21A.png,21A
711.png,711
58E.png,58E
012.png,012
ADB.png,ADB
760.png,760
877.png,877
0D6.png,0D6
70B.png,70B
349.png,349
D40.png,D40
723.png,723
62A.png,62A
E14.png,E14
03D.png,03D
019.png,019
140.png,140
238.png,238
A7A.png,A7A
8DE.png,8DE
D1E.png,D1E
196.png,196
747.png,747
D75.png,D75
486.png,486
150.png,150
207.png,207
61D.png,61D
6B0.png,6B0
12C.png,12C
668.png,668
AE5.png,AE5
B20.png,B20
767.png,767
17D.png,17D
E67.png,E67
E04.png,E04
E40.png,E40
102.png,102
277.png,277
AA9.png,AA9
4DA.png,4DA
06B.png,06B
70D.png,70D
79E.png,79E
768.png,768
C80.png,C80
AAB.png,AAB
DAC.png,DAC
7A8.png,7A8
6E1.png,6E1
44A.png,44A
471.png,471
71C.png,71C
9CC.png,9CC
808.png,808
B36.png,B36
D7C.png,D7C
797.png,797
29A.png,29A
AD8.png,AD8
5D1.png,5D1
234.png,234
B93.png,B93
984.png,984
864.png,864
448.png,448
E7C.png,E7C
762.png,762
AD9.png,AD9
BA4.png,BA4
B16.png,B16
128.png,128
8CA.png,8CA
E73.png,E73
B5E.png,B5E
CDA.png,CDA
944.png,944
BBE.png,BBE
613.png,613
239.png,239
BDC.png,BDC
A3C.png,A3C
5C3.png,5C3
E1B.png,E1B
C25.png,C25
7B7.png,7B7
484.png,484
8CD.png,8CD
604.png,604
A14.png,A14
3AA.png,3AA
585.png,585
582.png,582
9DE.png,9DE
2C2.png,2C2
903.png,903
C14.png,C14
99C.png,99C
070.png,070
001.png,001
3A2.png,3A2
DA9.png,DA9
8C6.png,8C6
637.png,637
698.png,698
308.png,308
7D2.png,7D2
EC7.png,EC7
7D9.png,7D9
ACE.png,ACE
44E.png,44E
16E.png,16E
DAA.png,DAA
085.png,085
6EE.png,6EE
ECB.png,ECB
37B.png,37B
ADD.png,ADD
AC8.png,AC8
0BA.png,0BA
950.png,950
395.png,395
9A5.png,9A5
866.png,866
CD7.png,CD7
D0C.png,D0C
8C4.png,8C4
675.png,675
C6A.png,C6A
B38.png,B38
1B7.png,1B7
78D.png,78D
CBC.png,CBC
A9D.png,A9D
4D2.png,4D2
C70.png,C70
263.png,263
553.png,553
BD0.png,BD0
A2B.png,A2B
721.png,721
77C.png,77C
E8A.png,E8A
42A.png,42A
AC0.png,AC0
B47.png,B47
749.png,749
624.png,624
D12.png,D12
D0D.png,D0D
3CE.png,3CE
D83.png,D83
88C.png,88C
7A3.png,7A3
3D1.png,3D1
2CE.png,2CE
638.png,638
7D4.png,7D4
107.png,107
D35.png,D35
4B1.png,4B1
C26.png,C26
1CA.png,1CA
4C7.png,4C7
35C.png,35C
8DD.png,8DD
C07.png,C07
474.png,474
036.png,036
920.png,920
009.png,009
28B.png,28B
E70.png,E70
B34.png,B34
9BD.png,9BD
4CA.png,4CA
89D.png,89D
0BD.png,0BD
563.png,563
DED.png,DED
DAB.png,DAB
BD6.png,BD6
936.png,936
30A.png,30A
3D8.png,3D8
D71.png,D71
E6C.png,E6C
B96.png,B96
3A1.png,3A1
B45.png,B45
8A9.png,8A9
DB0.png,DB0
129.png,129
258.png,258
45C.png,45C
578.png,578
2B6.png,2B6
368.png,368
C52.png,C52
97C.png,97C
580.png,580
023.png,023
B06.png,B06
5DE.png,5DE
9C4.png,9C4
257.png,257
C36.png,C36
C88.png,C88
2D9.png,2D9
740.png,740
6B9.png,6B9
D30.png,D30
BB6.png,BB6
D36.png,D36
48D.png,48D
822.png,822
DD5.png,DD5
D74.png,D74
4D8.png,4D8
9EC.png,9EC
4D5.png,4D5
D2C.png,D2C
287.png,287
CDE.png,CDE
5CD.png,5CD
84E.png,84E
4E8.png,4E8
362.png,362
EB3.png,EB3
E1A.png,E1A
9B8.png,9B8
69D.png,69D
401.png,401
A56.png,A56
490.png,490
6E4.png,6E4
9D6.png,9D6
653.png,653
7A6.png,7A6
A44.png,A44
801.png,801
23B.png,23B
B8E.png,B8E
9A8.png,9A8
2A4.png,2A4
44C.png,44C
926.png,926
503.png,503
AC4.png,AC4
A47.png,A47
2E4.png,2E4
DB3.png,DB3
35A.png,35A
B29.png,B29
268.png,268
968.png,968
9B2.png,9B2
E09.png,E09
A25.png,A25
295.png,295
A94.png,A94
DDC.png,DDC
D38.png,D38
676.png,676
0C3.png,0C3
75E.png,75E
6B1.png,6B1
928.png,928
DB7.png,DB7
367.png,367
EEA.png,EEA
60A.png,60A
785.png,785
182.png,182
5A0.png,5A0
A41.png,A41
945.png,945
5AC.png,5AC
865.png,865
9D7.png,9D7
DD6.png,DD6
508.png,508
6B5.png,6B5
52E.png,52E
5C2.png,5C2
022.png,022
3C4.png,3C4
E69.png,E69
487.png,487
23D.png,23D
561.png,561
58B.png,58B
083.png,083
A80.png,A80
4A8.png,4A8
2B9.png,2B9
C35.png,C35
6C0.png,6C0
187.png,187
496.png,496
5EE.png,5EE
4BA.png,4BA
482.png,482
31E.png,31E
817.png,817
D05.png,D05
42D.png,42D
B3A.png,B3A
E8C.png,E8C
892.png,892
BC6.png,BC6
21B.png,21B
DC9.png,DC9
E11.png,E11
373.png,373
EB5.png,EB5
739.png,739
9DB.png,9DB
CC4.png,CC4
01C.png,01C
6EA.png,6EA
037.png,037
543.png,543
9E9.png,9E9
E24.png,E24
773.png,773
A50.png,A50
D84.png,D84
204.png,204
87A.png,87A
57D.png,57D
9B0.png,9B0
B7A.png,B7A
744.png,744
6BB.png,6BB
87E.png,87E
A1A.png,A1A
4A4.png,4A4
8AC.png,8AC
152.png,152
374.png,374
342.png,342
E3D.png,E3D
ABE.png,ABE
ACB.png,ACB
720.png,720
586.png,586
402.png,402
9BA.png,9BA
C34.png,C34
5DB.png,5DB
020.png,020
4CD.png,4CD
0B6.png,0B6
0EB.png,0EB
BC3.png,BC3
6D3.png,6D3
C49.png,C49
18D.png,18D
81A.png,81A
981.png,981
256.png,256
BC0.png,BC0
90E.png,90E
280.png,280
536.png,536
24D.png,24D
784.png,784
B99.png,B99
CAB.png,CAB
E22.png,E22
3BC.png,3BC
1C0.png,1C0
67C.png,67C
2DD.png,2DD
89B.png,89B
2E7.png,2E7
C62.png,C62
958.png,958
C45.png,C45
843.png,843
CA9.png,CA9
B27.png,B27
DC8.png,DC8
6D1.png,6D1
949.png,949
2AB.png,2AB
00A.png,00A
71A.png,71A
6DD.png,6DD
7DE.png,7DE
8A8.png,8A8
5E1.png,5E1
49A.png,49A
688.png,688
ED5.png,ED5
42C.png,42C
E02.png,E02
437.png,437
916.png,916
5E9.png,5E9
B76.png,B76
10D.png,10D
159.png,159
309.png,309
515.png,515
C1C.png,C1C
AE8.png,AE8
E75.png,E75
115.png,115
138.png,138
CEB.png,CEB
177.png,177
14C.png,14C
430.png,430
50D.png,50D
495.png,495
9AE.png,9AE
A11.png,A11
36A.png,36A
532.png,532
B40.png,B40
49C.png,49C
5C8.png,5C8
E00.png,E00
ED8.png,ED8
BD8.png,BD8
5BE.png,5BE
328.png,328
C54.png,C54
B0D.png,B0D
438.png,438
278.png,278
B92.png,B92
CDD.png,CDD
4A7.png,4A7
18C.png,18C
B3D.png,B3D
B69.png,B69
B6B.png,B6B
6DA.png,6DA
2A7.png,2A7
84D.png,84D
D3C.png,D3C
805.png,805
80B.png,80B
791.png,791
ADA.png,ADA
C11.png,C11
9B9.png,9B9
86D.png,86D
B7E.png,B7E
5A5.png,5A5
1A2.png,1A2
8C9.png,8C9
DCC.png,DCC
ADC.png,ADC
AB3.png,AB3
93D.png,93D
77D.png,77D
A84.png,A84
A23.png,A23
6D6.png,6D6
172.png,172
10E.png,10E
557.png,557
7E2.png,7E2
7D8.png,7D8
8B8.png,8B8
38D.png,38D
215.png,215
1A6.png,1A6
5D3.png,5D3
611.png,611
E55.png,E55
24E.png,24E
ABD.png,ABD
10A.png,10A
CBA.png,CBA
D22.png,D22
D41.png,D41
9C0.png,9C0
5B1.png,5B1
BC8.png,BC8
E28.png,E28
626.png,626
098.png,098
802.png,802
BAA.png,BAA
404.png,404
450.png,450
82E.png,82E
8A0.png,8A0
914.png,914
9D4.png,9D4
1C8.png,1C8
1CB.png,1CB
9B3.png,9B3
0C1.png,0C1
E5C.png,E5C
79D.png,79D
987.png,987
485.png,485
399.png,399
3C3.png,3C3
1E5.png,1E5
50C.png,50C
031.png,031
166.png,166
A5B.png,A5B
3B7.png,3B7
ECA.png,ECA
7ED.png,7ED
206.png,206
731.png,731
533.png,533
3DD.png,3DD
39E.png,39E
1C9.png,1C9
D16.png,D16
13B.png,13B
D77.png,D77
080.png,080
E85.png,E85
383.png,383
929.png,929
A6A.png,A6A
2CA.png,2CA
235.png,235
D4E.png,D4E
A67.png,A67
A3A.png,A3A
E50.png,E50
5B3.png,5B3
178.png,178
BED.png,BED
174.png,174
32E.png,32E
441.png,441
616.png,616
6A2.png,6A2
DD2.png,DD2
6B7.png,6B7
726.png,726
151.png,151
017.png,017
95C.png,95C
E3C.png,E3C
B32.png,B32
D50.png,D50
954.png,954
D19.png,D19
9E7.png,9E7
2C7.png,2C7
41C.png,41C
1C1.png,1C1
12A.png,12A
641.png,641
716.png,716
612.png,612
7E3.png,7E3
0AA.png,0AA
7C6.png,7C6
7DB.png,7DB
D8A.png,D8A
231.png,231
B51.png,B51
366.png,366
C5A.png,C5A
BD3.png,BD3
38A.png,38A
DEA.png,DEA
694.png,694
CD1.png,CD1
260.png,260
61B.png,61B
684.png,684
046.png,046
913.png,913
DE1.png,DE1
618.png,618
0E8.png,0E8
81D.png,81D
449.png,449
B57.png,B57
683.png,683
BCB.png,BCB
0A6.png,0A6
222.png,222
935.png,935
DA3.png,DA3
D2D.png,D2D
139.png,139
95D.png,95D
0B1.png,0B1
8B7.png,8B7
54C.png,54C
1A4.png,1A4
1DE.png,1DE
5DD.png,5DD
EB4.png,EB4
A20.png,A20
322.png,322
8AB.png,8AB
0DB.png,0DB
570.png,570
E81.png,E81
895.png,895
AE3.png,AE3
92C.png,92C
912.png,912
B4A.png,B4A
546.png,546
86E.png,86E
E78.png,E78
678.png,678
9D5.png,9D5
D7A.png,D7A
656.png,656
408.png,408
A48.png,A48
790.png,790
960.png,960
8ED.png,8ED
8D4.png,8D4
4C0.png,4C0
B55.png,B55
7B2.png,7B2
290.png,290
94B.png,94B
1D5.png,1D5
C8A.png,C8A
D02.png,D02
4C1.png,4C1
5C6.png,5C6
B26.png,B26
E03.png,E03
923.png,923
722.png,722
270.png,270
9E6.png,9E6
E30.png,E30
3A7.png,3A7
B5D.png,B5D
3D9.png,3D9
236.png,236
DD7.png,DD7
4E9.png,4E9
D1B.png,D1B
DCA.png,DCA
2D4.png,2D4
54B.png,54B
3E5.png,3E5
655.png,655
04A.png,04A
E9C.png,E9C
554.png,554
E92.png,E92
967.png,967
649.png,649
701.png,701
293.png,293
026.png,026
A5D.png,A5D
B81.png,B81
CEE.png,CEE
BE2.png,BE2
104.png,104
E54.png,E54
D69.png,D69
0BE.png,0BE
21C.png,21C
B24.png,B24
750.png,750
D3E.png,D3E
4DB.png,4DB
049.png,049
3E4.png,3E4
0D9.png,0D9
6C1.png,6C1
40A.png,40A
C72.png,C72
587.png,587
B42.png,B42
2AA.png,2AA
148.png,148
1B1.png,1B1
BD5.png,BD5
5D8.png,5D8
BD9.png,BD9
05B.png,05B
D13.png,D13
7B8.png,7B8
63B.png,63B
6B2.png,6B2
B2D.png,B2D
249.png,249
D97.png,D97
7E1.png,7E1
164.png,164
753.png,753
132.png,132
6CB.png,6CB
E3E.png,E3E
593.png,593
845.png,845
0A7.png,0A7
51D.png,51D
549.png,549
125.png,125
A26.png,A26
D21.png,D21
620.png,620
282.png,282
97B.png,97B
BA7.png,BA7
556.png,556
167.png,167
3B4.png,3B4
703.png,703
52D.png,52D
7AE.png,7AE
EE4.png,EE4
D55.png,D55
DE5.png,DE5
CCC.png,CCC
DE6.png,DE6
E43.png,E43
4BE.png,4BE
909.png,909
49E.png,49E
226.png,226
D54.png,D54
6BC.png,6BC
65B.png,65B
98D.png,98D
D18.png,D18
706.png,706
0BC.png,0BC
462.png,462
962.png,962
024.png,024
BE4.png,BE4
DD9.png,DD9
02A.png,02A
13E.png,13E
43C.png,43C
1AE.png,1AE
3C8.png,3C8
D4B.png,D4B
708.png,708
B59.png,B59
D6D.png,D6D
41E.png,41E
1C5.png,1C5
05C.png,05C
B6A.png,B6A
25B.png,25B
A65.png,A65
199.png,199
E7E.png,E7E
A2E.png,A2E
699.png,699
2BD.png,2BD
3EA.png,3EA
149.png,149
CC6.png,CC6
6CA.png,6CA
0B8.png,0B8
57C.png,57C
CB5.png,CB5
C5D.png,C5D
90B.png,90B
79B.png,79B
609.png,609
193.png,193
37C.png,37C
DA6.png,DA6
A00.png,A00
EC4.png,EC4
0A5.png,0A5
97E.png,97E
480.png,480
145.png,145
1E9.png,1E9
6D9.png,6D9
76E.png,76E
3E2.png,3E2
CA0.png,CA0
41A.png,41A
9E5.png,9E5
C21.png,C21
50A.png,50A
194.png,194
DC4.png,DC4
A89.png,A89
E37.png,E37
2B3.png,2B3
B54.png,B54
E86.png,E86
321.png,321
D28.png,D28
6E0.png,6E0
500.png,500
A18.png,A18
B66.png,B66
A68.png,A68
A09.png,A09
A2C.png,A2C
A5A.png,A5A
62B.png,62B
4AB.png,4AB
9EB.png,9EB
353.png,353
286.png,286
EB7.png,EB7
48C.png,48C
3BB.png,3BB
A74.png,A74
7D5.png,7D5
28E.png,28E
0E6.png,0E6
E45.png,E45
43B.png,43B
BD1.png,BD1
66B.png,66B
4B8.png,4B8
CDC.png,CDC
C2D.png,C2D
317.png,317
06D.png,06D
0D8.png,0D8
10C.png,10C
798.png,798
0EA.png,0EA
E25.png,E25
326.png,326
329.png,329
38E.png,38E
90C.png,90C
A6D.png,A6D
7E4.png,7E4
B3B.png,B3B
689.png,689
537.png,537
109.png,109
B1A.png,B1A
1AC.png,1AC
696.png,696
755.png,755
AAC.png,AAC
D10.png,D10
859.png,859
B84.png,B84
A71.png,A71
00C.png,00C
375.png,375
5A9.png,5A9
7AD.png,7AD
7CE.png,7CE
EE1.png,EE1
34A.png,34A
973.png,973
86C.png,86C
E4A.png,E4A
6D7.png,6D7
51A.png,51A
296.png,296
336.png,336
333.png,333
211.png,211
4B3.png,4B3
5B9.png,5B9
C39.png,C39
1EE.png,1EE
5CA.png,5CA
00E.png,00E
90A.png,90A
6C9.png,6C9
DC2.png,DC2
B73.png,B73
835.png,835
D93.png,D93
15D.png,15D
8B5.png,8B5
C16.png,C16
E87.png,E87
2E2.png,2E2
D37.png,D37
2A8.png,2A8
E49.png,E49
C22.png,C22
85C.png,85C
189.png,189
84C.png,84C
5AD.png,5AD
837.png,837
D17.png,D17
697.png,697
C3A.png,C3A
BE3.png,BE3
169.png,169
7CB.png,7CB
B6C.png,B6C
225.png,225
869.png,869
C03.png,C03
E26.png,E26
B0C.png,B0C
161.png,161
B23.png,B23
4A0.png,4A0
CB3.png,CB3
4E0.png,4E0
4AD.png,4AD
AA1.png,AA1
C44.png,C44
417.png,417
C94.png,C94
4DC.png,4DC
E31.png,E31
307.png,307
9C2.png,9C2
963.png,963
1C3.png,1C3
625.png,625
896.png,896
51E.png,51E
382.png,382
7A9.png,7A9
1A1.png,1A1
0D3.png,0D3
05D.png,05D
414.png,414
673.png,673
D82.png,D82
43D.png,43D
3C6.png,3C6
970.png,970
BCC.png,BCC
C71.png,C71
BA0.png,BA0
5B2.png,5B2
37E.png,37E
513.png,513
C55.png,C55
66A.png,66A
41D.png,41D
424.png,424
223.png,223
686.png,686
534.png,534
D1A.png,D1A
56D.png,56D
ADE.png,ADE
3D4.png,3D4
C57.png,C57
C7E.png,C7E
D51.png,D51
79C.png,79C
700.png,700
B1E.png,B1E
52B.png,52B
63D.png,63D
8D1.png,8D1
33A.png,33A
013.png,013
D9D.png,D9D
029.png,029
719.png,719
B1C.png,B1C
E23.png,E23
B91.png,B91
05A.png,05A
65C.png,65C
304.png,304
ED3.png,ED3
E0A.png,E0A
A12.png,A12
1D1.png,1D1
04D.png,04D
679.png,679
573.png,573
80D.png,80D
4CE.png,4CE
B80.png,B80
643.png,643
650.png,650
E74.png,E74
514.png,514
941.png,941
C05.png,C05
6E3.png,6E3
387.png,387
004.png,004
833.png,833
3C5.png,3C5
85D.png,85D
074.png,074
9AD.png,9AD
888.png,888
28A.png,28A
320.png,320
443.png,443
A06.png,A06
1B8.png,1B8
91A.png,91A
247.png,247
E46.png,E46
014.png,014
B8B.png,B8B
921.png,921
170.png,170
991.png,991
CE7.png,CE7
72C.png,72C
175.png,175
766.png,766
C18.png,C18
CC7.png,CC7
917.png,917
0E4.png,0E4
8D2.png,8D2
1BE.png,1BE
930.png,930
B31.png,B31
060.png,060
4B2.png,4B2
D46.png,D46
507.png,507
418.png,418
4E5.png,4E5
6A5.png,6A5
7CA.png,7CA
C87.png,C87
C04.png,C04
906.png,906
B18.png,B18
254.png,254
E0C.png,E0C
08C.png,08C
884.png,884
5B4.png,5B4
39C.png,39C
E4C.png,E4C
E38.png,E38
56B.png,56B
2E9.png,2E9
E77.png,E77
005.png,005
4BC.png,4BC
E65.png,E65
4C3.png,4C3
C74.png,C74
032.png,032
4C6.png,4C6
7DC.png,7DC
B00.png,B00
073.png,073
567.png,567
919.png,919
571.png,571
4A3.png,4A3
46C.png,46C
4CC.png,4CC
093.png,093
748.png,748
A9C.png,A9C
874.png,874
C1A.png,C1A
957.png,957
D03.png,D03
133.png,133
413.png,413
529.png,529
B8D.png,B8D
659.png,659
940.png,940
9A6.png,9A6
E59.png,E59
A70.png,A70
D11.png,D11
A72.png,A72
3DC.png,3DC
8EA.png,8EA
A4C.png,A4C
705.png,705
AD2.png,AD2
6B6.png,6B6
671.png,671
9C7.png,9C7
56E.png,56E
3B2.png,3B2
83E.png,83E
983.png,983
1CD.png,1CD
867.png,867
DE7.png,DE7
51C.png,51C
D8E.png,D8E
788.png,788
7C8.png,7C8
B2A.png,B2A
3E1.png,3E1
990.png,990
D56.png,D56
632.png,632
A77.png,A77
31A.png,31A
22A.png,22A
A15.png,A15
62C.png,62C
ECE.png,ECE
E9D.png,E9D
AE9.png,AE9
66D.png,66D
2D5.png,2D5
6AC.png,6AC
233.png,233
C78.png,C78
3CC.png,3CC
EC5.png,EC5
461.png,461
E3A.png,E3A
82C.png,82C
0B7.png,0B7
96C.png,96C
C9E.png,C9E
2BB.png,2BB
434.png,434
447.png,447
2A1.png,2A1
E6E.png,E6E
0DC.png,0DC
0B2.png,0B2
932.png,932
052.png,052
048.png,048
397.png,397
20C.png,20C
184.png,184
11A.png,11A
06A.png,06A
CCE.png,CCE
559.png,559
CA3.png,CA3
B22.png,B22
97D.png,97D
1ED.png,1ED
C0A.png,C0A
419.png,419
997.png,997
DB2.png,DB2
71E.png,71E
B02.png,B02
C41.png,C41
472.png,472
285.png,285
3A8.png,3A8
6AE.png,6AE
84B.png,84B
E39.png,E39
A1C.png,A1C
AC2.png,AC2
34E.png,34E
B05.png,B05
876.png,876
69A.png,69A
59D.png,59D
154.png,154
E84.png,E84
524.png,524
DCB.png,DCB
C84.png,C84
DBC.png,DBC
5D2.png,5D2
345.png,345
423.png,423
176.png,176
C85.png,C85
925.png,925
9EA.png,9EA
5C7.png,5C7
59A.png,59A
C7D.png,C7D
C9C.png,C9C
73C.png,73C
493.png,493
D79.png,D79
565.png,565
003.png,003
BE0.png,BE0
0C5.png,0C5
839.png,839
C59.png,C59
121.png,121
3AB.png,3AB
AA5.png,AA5
EA2.png,EA2
1E8.png,1E8
425.png,425
350.png,350
7A0.png,7A0
76A.png,76A
C6E.png,C6E
D8D.png,D8D
C77.png,C77
CC0.png,CC0
C00.png,C00
92A.png,92A
844.png,844
475.png,475
105.png,105
478.png,478
8E4.png,8E4
A0A.png,A0A
0A1.png,0A1
5CE.png,5CE
910.png,910
319.png,319
477.png,477
800.png,800
3D2.png,3D2
130.png,130
CAD.png,CAD
19C.png,19C
DB8.png,DB8
595.png,595
68A.png,68A
CAE.png,CAE
E82.png,E82
3ED.png,3ED
19A.png,19A
A04.png,A04
A9E.png,A9E
651.png,651
5D7.png,5D7
054.png,054
327.png,327
065.png,065
774.png,774
BB4.png,BB4
D25.png,D25
DA1.png,DA1
6A1.png,6A1
9A7.png,9A7
325.png,325
0AE.png,0AE
598.png,598
B37.png,B37
CCA.png,CCA
D0E.png,D0E
640.png,640
AED.png,AED
BB3.png,BB3
32A.png,32A
A82.png,A82
04C.png,04C
359.png,359
BA1.png,BA1
58D.png,58D
A32.png,A32
221.png,221
CC1.png,CC1
846.png,846
143.png,143
68B.png,68B
1BB.png,1BB
BAE.png,BAE
292.png,292
23C.png,23C
E48.png,E48
250.png,250
C30.png,C30
999.png,999
C2C.png,C2C
634.png,634
08A.png,08A
E35.png,E35
EAB.png,EAB
E60.png,E60
DD1.png,DD1
405.png,405
93B.png,93B
053.png,053
9A2.png,9A2
939.png,939
8E1.png,8E1
83B.png,83B
8B9.png,8B9
8D8.png,8D8
69B.png,69B
78A.png,78A
D04.png,D04
2AE.png,2AE
9CD.png,9CD
C9B.png,C9B
EB2.png,EB2
863.png,863
5D0.png,5D0
CB6.png,CB6
57B.png,57B
C69.png,C69
47B.png,47B
0E3.png,0E3
157.png,157
ED6.png,ED6
018.png,018
0EE.png,0EE
C8E.png,C8E
D63.png,D63
E32.png,E32
33B.png,33B
470.png,470
5D5.png,5D5
460.png,460
77B.png,77B
0CC.png,0CC
248.png,248
540.png,540
2E5.png,2E5
318.png,318
887.png,887
B89.png,B89
E56.png,E56
662.png,662
2B5.png,2B5
481.png,481
028.png,028
A98.png,A98
156.png,156
918.png,918
B82.png,B82
3B3.png,3B3
BBC.png,BBC
588.png,588
8B6.png,8B6
6E9.png,6E9
1BC.png,1BC
781.png,781
28C.png,28C
39D.png,39D
228.png,228
36B.png,36B
959.png,959
8DA.png,8DA
D2A.png,D2A
9D9.png,9D9
48B.png,48B
ACA.png,ACA
3A0.png,3A0
BB5.png,BB5
9B4.png,9B4
B7B.png,B7B
8BC.png,8BC
821.png,821
9DD.png,9DD
CE3.png,CE3
5C0.png,5C0
CE8.png,CE8
B09.png,B09
0ED.png,0ED
198.png,198
3B6.png,3B6
5C5.png,5C5
9E4.png,9E4
1A8.png,1A8
122.png,122
BBA.png,BBA
294.png,294
803.png,803
120.png,120
44D.png,44D
351.png,351
A24.png,A24
9C5.png,9C5
CD2.png,CD2
82A.png,82A
C4A.png,C4A
BEC.png,BEC
C61.png,C61
ECD.png,ECD
171.png,171
A59.png,A59
07C.png,07C
D7D.png,D7D
32D.png,32D
016.png,016
C29.png,C29
A8A.png,A8A
CD0.png,CD0
A79.png,A79
C6B.png,C6B
691.png,691
61E.png,61E
727.png,727
2A5.png,2A5
897.png,897
692.png,692
B90.png,B90
D4C.png,D4C
33D.png,33D
AE7.png,AE7
4EB.png,4EB
7E0.png,7E0
818.png,818
6AD.png,6AD
CE9.png,CE9
AAE.png,AAE
1CE.png,1CE
13D.png,13D
D68.png,D68
D0B.png,D0B
4C2.png,4C2
617.png,617
55E.png,55E
EA3.png,EA3
9D0.png,9D0
1EB.png,1EB
65D.png,65D
8A6.png,8A6
63E.png,63E
666.png,666
B12.png,B12
D7B.png,D7B
16B.png,16B
A6E.png,A6E
B0B.png,B0B
324.png,324
C6D.png,C6D
A99.png,A99
596.png,596
7DA.png,7DA
E9E.png,E9E
C97.png,C97
13C.png,13C
EBC.png,EBC
428.png,428
CE5.png,CE5
A8D.png,A8D
C27.png,C27
3B0.png,3B0
BBD.png,BBD
0CB.png,0CB
A4B.png,A4B
C7C.png,C7C
8D0.png,8D0
D6A.png,D6A
190.png,190
924.png,924
856.png,856
27B.png,27B
EC3.png,EC3
670.png,670
1DD.png,1DD
502.png,502
4AA.png,4AA
DB5.png,DB5
400.png,400
C66.png,C66
7E8.png,7E8
CA2.png,CA2
4E1.png,4E1
191.png,191
B46.png,B46
A58.png,A58
A33.png,A33
ED7.png,ED7
039.png,039
331.png,331
78B.png,78B
71D.png,71D
A7D.png,A7D
02E.png,02E
089.png,089
180.png,180
986.png,986
591.png,591
498.png,498
9C9.png,9C9
A93.png,A93
574.png,574
547.png,547
4D1.png,4D1
782.png,782
284.png,284
305.png,305
B85.png,B85
569.png,569
DE0.png,DE0
338.png,338
0E7.png,0E7
457.png,457
603.png,603
069.png,069
12E.png,12E
A7C.png,A7C
379.png,379
19B.png,19B
799.png,799
330.png,330
432.png,432
741.png,741
33C.png,33C
219.png,219
5E8.png,5E8
9A9.png,9A9
EC9.png,EC9
75C.png,75C
D34.png,D34
37D.png,37D
2EE.png,2EE
0D1.png,0D1
BD2.png,BD2
16A.png,16A
C53.png,C53
6DE.png,6DE
8E3.png,8E3
240.png,240
99B.png,99B
D29.png,D29
7CC.png,7CC
777.png,777
119.png,119
D91.png,D91
22B.png,22B
933.png,933
2B8.png,2B8
885.png,885
94D.png,94D
429.png,429
4B5.png,4B5
5ED.png,5ED
4D9.png,4D9
18B.png,18B
56A.png,56A
BCA.png,BCA
DEB.png,DEB
068.png,068
B88.png,B88
B7D.png,B7D
C5C.png,C5C
657.png,657
685.png,685
31C.png,31C
A35.png,A35
D07.png,D07
7D3.png,7D3
BC9.png,BC9
071.png,071
644.png,644
A8C.png,A8C
D96.png,D96
E93.png,E93
58A.png,58A
D33.png,D33
20E.png,20E
7D7.png,7D7
411.png,411
444.png,444
9AB.png,9AB
CE6.png,CE6
390.png,390
EDA.png,EDA
661.png,661
22E.png,22E
972.png,972
3A9.png,3A9
8BE.png,8BE
DEC.png,DEC
4D0.png,4D0
0AD.png,0AD
A86.png,A86
07B.png,07B
B65.png,B65
8AE.png,8AE
114.png,114
772.png,772
361.png,361
111.png,111
ABA.png,ABA
261.png,261
034.png,034
08D.png,08D
AD5.png,AD5
EDD.png,EDD
7EA.png,7EA
C90.png,C90
712.png,712
597.png,597
DE2.png,DE2
3D5.png,3D5
5BC.png,5BC
9B5.png,9B5
5DA.png,5DA
528.png,528
8BA.png,8BA
33E.png,33E
D76.png,D76
53B.png,53B
2B1.png,2B1
E18.png,E18
C19.png,C19
3C9.png,3C9
B1B.png,B1B
BB7.png,BB7
CD8.png,CD8
209.png,209
B8C.png,B8C
985.png,985
681.png,681
C32.png,C32
357.png,357
D06.png,D06
8D3.png,8D3
076.png,076
C01.png,C01
01B.png,01B
C63.png,C63
889.png,889
823.png,823
D88.png,D88
965.png,965
EB9.png,EB9
875.png,875
C7A.png,C7A
93E.png,93E
E89.png,E89
469.png,469
BA2.png,BA2
29C.png,29C
DB1.png,DB1
804.png,804
099.png,099
761.png,761
015.png,015
252.png,252
C65.png,C65
717.png,717
CC5.png,CC5
B95.png,B95
264.png,264
ABC.png,ABC
5E0.png,5E0
323.png,323
07E.png,07E
9CE.png,9CE
AAD.png,AAD
517.png,517
67E.png,67E
A07.png,A07
027.png,027
855.png,855
A39.png,A39
B11.png,B11
2D0.png,2D0
6A6.png,6A6
66C.png,66C
DB4.png,DB4
EA6.png,EA6
06C.png,06C
25E.png,25E
34C.png,34C
000.png,000
80A.png,80A
763.png,763
B35.png,B35
283.png,283
D5C.png,D5C
819.png,819
C76.png,C76
3AD.png,3AD
EEC.png,EEC
289.png,289
195.png,195
BC2.png,BC2
A55.png,A55
B2B.png,B2B
B0A.png,B0A
CC2.png,CC2
A97.png,A97
E42.png,E42
D0A.png,D0A
372.png,372
7B9.png,7B9
087.png,087
A34.png,A34
153.png,153
737.png,737
8E7.png,8E7
B5C.png,B5C
53A.png,53A
1DC.png,1DC
1C6.png,1C6
783.png,783
979.png,979
45E.png,45E
54A.png,54A
EA0.png,EA0
C3E.png,C3E
AD6.png,AD6
EC6.png,EC6
D42.png,D42
4B7.png,4B7
69E.png,69E
1E0.png,1E0
E06.png,E06
B44.png,B44
C37.png,C37
3A3.png,3A3
E10.png,E10
7BA.png,7BA
6BD.png,6BD
E99.png,E99
5C4.png,5C4
451.png,451
B03.png,B03
1D3.png,1D3
CB9.png,CB9
6C8.png,6C8
A53.png,A53
